id_ogl,desc
109286,PRACOWNIK BUDOWLANY Usługi Ogólnobudowlane   Chęci do pracy
109440,"ROBOTNIK MELIORACYJNY kontakt przez PUP   uprawnienia pilarza, obsługa kosy spalinowej"
109591,"NAUCZYCIEL TERAPEUTA - 446 POLSKIE STOWARZYSZENIE NA RZECZ OSÓB Z NIEPEŁNOSPRAWNOŚCIĄ INTELEKTUALNĄ KOŁO W ŚWIDNICY   wykształcenie wyższe: pedagogika specjalna, oligofrenopedagogika, surdopedagogika, tyflopedagogika"
109724,"NAUCZYCIEL LOGISTYKI Międzynarodowa Wyższa Szkoła Logistyki i Transportu we Wrocławiu   wykształcenie: wyższe kierunkowe, przygotowanie pedagogiczne,  staż pracy: brak wymagań"
109897,"MASAŻYSTA/ MASAŻYSTKA (NR 2471) P.P.H.U. """" JAKUB """" JAROSŁAW KWIECIŃSKI   Mile widziane doświadczenie zawodowe"
110060,CIEŚLA ZAKŁAD REMONTOWO - BUDOWLANY RYSZARD MAJEWSKI   2 lata doświadczenia w pracach remontowo budowlanych - cieśla.
110203,"OPERATOR DŹWIGU SAMOJEZDNEGO 30-TONOWEGO (NR 1448) PW SIMBUD SPÓŁKA Z OGRANICZONĄ ODPOWIEDZIALNOŚCIĄ   doświadczenie w zawodzie, uprawnienia operatora dźwigu 30 ton wzwyż"
110367,PRACOWNIK FIZYCZNY/DOPOSAŻENIE/20/0112 kontakt przez PUP   obsługa kosy i pilarki
110530,OPERATOR KOPARKI Jakub Rodak HIRE-TECH   mile widziane doświadczenie zawodowe
110685,"OPIEKUN ZWIERZĄT PRO-ANIMALE DLA ZWIERZĄT W POTRZEBIE   Doświadczenie zawodowe mile widziane, mile widziane prawo jazdy kat. B"
110839,"PRACOWNIK DZIAŁU PLANOWANIA PRACY Megaflex Schaumstoff GmbH   Chęć do nauki, motywacja/chęć działania, umiejętność pracy w zespole."
110993,"PRACOWNIK FIZYCZNY kontakt przez PUP   [Umiejętność 1] : umiejętność obsługi maszyn: ESD, SMIPACK FP 560/T450"
111154,"SPAWACZ MIG TIG """"SILO"""" SPÓŁKA Z OGRANICZONĄ ODPOWIEDZIALNOŚCIĄ   Mile widziane uprawnienia spawacza, mile widziane doświadczenie"
111314,ROZBIERACZ-WYKRAWACZ DROBIU KESEN SPÓŁKA Z OGRANICZONĄ ODPOWIEDZIALNOŚCIĄ   Wymagane doświadczenie w rozbiorze drobiu
111484,"POMOCNIK HYDRAULIKA JOŃCZYK DARIUSZ MAR-POL   Wykształcenie nie jest istotne, możliwość przyuczenia.."
111782,"ŚLUSARZ-SPAWACZ ENERGO MECHANIK SPÓŁKA Z OGRANICZONĄ ODPOWIEDZIALNOŚCIĄ   uprawnienia z zakresu spawania gazowego, elektrodą, półautomat"
111937,"PARKIECIARZ PAWEŁ PIEPRZYCA FIRMA HANDLOWO USŁUGOWA """"KRAK-PARKIET""""   umiejętności zawodowe, samodzielność"
112095,SZWACZKA VAN HUU PHAM   Język wietnamski mile widziany.
112244,PRACOWNIK FIZYCZNY 180 kontakt przez PUP   MILE WIDZIANE DOŚWIADCZENIE NA PODOBNYM STANOWISKU
112408,"MECHANIK MASZYN I URZĄDZEŃ PRZEMYSŁOWYCH Arleta Prylowski """"ARMAT""""   [Inne] : WYMAGANE DOŚWIADCZENIE "
112556,MONTER ZABUDOWY I ROBÓT WYKOŃCZENIOWYCH W BUDOWNICTWIE PI SYSTEMS Dawid Trusiński   [Umiejętność 1] : umiejętności budowlane w zakresie prac wykończeniowych 
112700,ASYSTENTKA STOMATOLOGICZNA Benno dent lek.stom.Anna Michalska-Benno   [Umiejętność 1] : asysta podczas zabiegów stomatologicznych 
112882,"SPAWACZ MIG Z.P.H.U. """"Regsonik"""" Tomasz Zygarlicki   Doświadczenie w zawodzie spawacza."
113039,"LAKIERNIK PAGED MEBLE SPÓŁKA Z OGRANICZONĄ ODPOWIEDZIALNOŚCIĄ   Umiejętność pracy w zespole, odpowiedzialność, sumienność.  Doświadczenie zawodowe mile widziane."
113200,"SZWACZKA kontakt przez OHP   dokładność, zaangażowanie"
113369,PIEKARZ PODLASKIE PRZEDSIĘBIORSTWO MIĘSNE SP. Z O. O.   doświadczenie; umiejętność pracy w zespole
113539,"PRACOWNIK FIZYCZNY AVANTRE HR SPÓŁKA Z OGRANICZONĄ ODPOWIEDZIALNOŚCIĄ   wysoka kultura osobista, chęć do pracy, umiejętność rozróżniania wartości produktów"
113700,"MENADŻER Jacek Chodakowski   [Inne] : UKOŃCZONE 18 LAT, DOBRA ZNAJOMOŚĆ STANDARDÓW MCDONALD'S "
113860,"NAUCZYCIEL WSPOMAGAJĄCY TERAPEUTA kontakt przez PUP   terapia pedagogiczna wymagane doświadczenie w pracy z dziećmi, cierpliwość"
114005,"MURARZ Przedsiębiorstwo Budowlane S-BUD Natalia Jurek-Pliszka   Praca na terenie Człuchowa i Lutówka, transport zapewnia pracodawca."
114164,"ELEKTROMECHANIK POJAZDÓW SAMOCHODOWYCH SZREDER ROBERT Elektromechanika Pojazdów Samochodowych """"Rozruszniki-Alternatory"""" Robert Szreder   możliwość przyuczenia, chęci do pracy"
114306,"MONTAŻYSTA SERWISANT PREVAC sp. z o.o.   Mile widziane wykształcenie technicznie, zdolności manualne, prawo jazdy kat. B."
114443,BARMAN/KELNER kontakt przez PUP   Książeczka do celów sanitarno-epidemiologicznych.
1144533,MAGAZYNIER kontakt przez PUP   Obsługa komputera oraz wózka paletowego.
1144682,MAGAZYNIER-SERWISANT PS LIFT SPÓŁKA Z OGRANICZONĄ ODPOWIEDZIALNOŚCIĄ   Prace naprawcze i serwisowe urządzeń dźwignicowych 
1144836,"MAGAZYNIER KALIZEA POLSKA SPÓŁKA Z OGRANICZONĄ ODPOWIEDZIALNOŚCIĄ   wykształcenie średnie, staż pracy dowolny"
1145485,"MAGAZYNIER MOP SERWIS SPÓŁKA Z OGRANICZONĄ ODPOWIEDZIALNOŚCIĄ   wykształcenie zawodowe, min. rok doświadczenia zawodowego, prawo jazdy kat. B, uprawnienia na wózki widłowe"
1145633,"MAGAZYNIER BEZ UDT kontakt przez OHP   dyspozycyjność, zdolności manualne, umiejętność pracy w zespole, zaangażowanie w wykonywane obowiązki"
114593,"ROBOTNIK BUDOWLANY Przedsiębiorstwo Produkcyjno-Usługowe BUDOMONT-7 Sp. z o. o.   p, sumienność i uczciwość, dyspozycyjność, umiejętność pracy w zespole"
1147250,"DORADCA SERWISOWY/MAGAZYNIER ELCAR Sp. z o.o.   wykształcenie min. średnie,  staż pracy: brak wymagań,  pożądana znajomość języka angielskiego,  znajomość branży motoryzacyjnej - konieczna,  znajomość budowy samochodu,  znajomość pakietu MS Office,  prawo jazdy kat. B"
114742,"PRACOWNIK BUDOWLANY Z UMIĘJTNOŚCIA SPAWANIA SERWIS-ROZWÓJ SPÓŁKA Z OGRANICZONĄ ODPOWIEDZIALNOŚCIĄ Z SIEDZIBĄ W KATOWICACH   doświadczenie,umiejętność spawania,"
114893,"TECHNIK ELEKTRONIK LUB TECHNIK MECHATRONIK LUB TECHNIK ELEKTROMECHANIK """"POLWAT"""" MAREK ERMEL SPÓŁKA JAWNA   wykształcenie średnie lub wyższe techniczne (elektronik, mechatronik lub elektromechanik)"
115036,LAKIERNIK SAMOCHODOWY AUTO-SERWIS PIOTR WASZKIEWICZ   Mile widziane doświadczenie zawodowe
115199,"KIEROWCA SAMOCHODU CIĘŻAROWEGO Leopold Bobowiec - P.H.U. """"POLDEX""""   Pożądane min. 6 miesięcy doświadczenia na stanowisku kierowcy"
115345,"KIEROWCA KAT.  C+E PRZEDSIĘBIORSTWO ROBÓT INŻYNIERYJNYCH """"FART"""" SPÓŁKA Z OGRANICZONĄ ODPOWIEDZIALNOŚCIĄ   Wymagania; doświadczenie zawodowe,motywacja do pracy. Praca na terenie woj.świętokrzyskiego."
115500,SEKRETARKA MEDYCZNA kontakt przez PUP   osoba bezrobotna powyżej 30 roku życia
115500,SEKRETARKA MEDYCZNA kontakt przez PUP   osoba bezrobotna powyżej 30 roku życia
115500,SEKRETARKA MEDYCZNA kontakt przez PUP   osoba bezrobotna powyżej 30 roku życia
115661,"RECEPCJONISTA TWORZYMY ZDROWIE SP. Z O.O.   obsługa komputera,komunikatywność,umiejętność pracy pod presją czasu,wysoka kultura"
115812,"NAUCZYCIEL PRZEDMIOTÓW ZAWODOWYCH INFORMATYCZNYCH Zespół Szkół Technicznych i Ogólnokształcących w Iłowie Osadzie   wykształcenie wyższe - informatyk, doświadczenie w pracy na wskazanym stanowisku"
115957,MONTER SIECI WODNYCH I KANALIZACYJNYCH EKO-DBAJ SPÓŁKA Z OGRANICZONĄ ODPOWIEDZIALNOŚCIĄ   Pracodawca oferuje przyuczenie do pracy. Nie wymaga doświadczenia zawodowego.
116125,PRACOWNIK PRODUKCYJNY IKO KOMPANIA DROBIARSKA SP. Z O.O.   Mile widziana książeczka sanepidowska
116284,"KIEROWCA KAT. B KORNIX Marcin Kowalski   doświadczenie zawodowe mile widziane, trasy międzynarodowe Polska - Niemcy"
116608,TECHNIK DENTYSTYCZNY kontakt przez PUP   uprawnienia: zawód technika dentystycznego
116754,"POKOJOWA """"DIVA"""" SPÓŁKA Z OGRANICZONĄ ODPOWIEDZIALNOŚCIĄ   Mile widziane doświadczenie zawodowe."
116917,"STAŻYSTA/ MŁODSZY ASYSTENT W SEKCJI HIGIENY ŻYWNOŚCI, ŻYWIENIA I PRZEDMIOTÓW UŻYTKU ODDZIAŁU NADZORU SANITARNEGO Powiatowa Stacja Sanitarno-Epidemiologicznej w Świinoujściu   wiedza z zakresu bezpieczeństwa żywności; mile widziana znajomość języka obcego;"
117074,PRACOWNIK RESTAURACJI kontakt przez OHP   -CHĘCI DO PRACY  -OTWARTOŚĆ  -KOMUNIKATYWNOŚĆ
117239,OSOBA DO WYKONYWANIA CZYNNOŚCI SPRZĄTAJĄCYCH kontakt przez PUP   wykształcenie brak lub niepełne podstawowe;
117393,BIOMASAŻYSTA kontakt przez PUP   Umiejętności w wykonywaniu masaży
117552,"FRYZJER kontakt przez PUP   umiejętność farbowania, modelowania  znajomość koloryzacji włosów  staż pracy obojętny"
1177707,POMOC KUCHENNA Zamek Kliczków Sp. z o.o.   Pracowitość.
1177855,POMOC KUCHENNA kontakt przez PUP   mile widziane doświadczenie
1178009,KUCHARZ Bartosz Nowak PHU Bartosz Nowak   [Umiejętność 2] : Smażenie ryb [Umiejętność 1] : Czyszczenie ryb 
1178159,"POMOC KUCHENNA """"Gospoda u Przyjaciół"""" - usługi gastronomiczne Anna Mielec   umiejętności-gastronomiczne, doświadczenie zawodowe- mile widziane chęć do pracy"
1178303,"POMOC KUCHENNA SEZON kontakt przez OHP   MOŻLIWOŚĆ PRZYUCZENIA, WIEK: OD 18"
1178457,KUCHARZ KUCHNI WIETNAMSKIEJ kontakt przez PUP   kurs gastronomiczny - kuchnia wietnamska
117874,"SZWACZKA MASZYNOWA """"BEST"""" PRZEDSIĘBIORSTWO WIELOBRANŻOWE SPÓŁKA JAWNA CENTRUM BHP I P. POŻ. EUGENIUSZ GARBERA   wykształcenie zawodowe szwaczka, mile widziane doświadczenie zdolności manualne"
1179023,KUCHARZ Kamil Chmielewski & Company   osoby chętne do pracy bez pożądanego doświadczenia będą przeszkolone w zawodzie
1179177,"KUCHARZ / POMOCNIK KUCHARZA F.H.U. Pizzeria Quadratta ANNA OTOROWSKA   Mile widziane wykształcenie kierunkowe, umiejętność gotowania, mile widziane doświadczenie, osoby chętne do przyuczenia"
1179333,KUCHARZ/SZEF KUCHNI kontakt przez PUP   [Inne] : MILE WIDZIANA KSIĄŻECZKA DO CELÓW SANITARNO-EPIDEMIOLOGICZNYCH. MILE WIDZIANA ZNAJOMOŚĆ KUCHNI AZJATYCKIEJ; PRACA 40 GODZIN TYGODNIOWO 
118034,"ROBOTNIK MAGAZYNOWY SPÓŁDZIELNIA NIEWIDOMYCH """"PROMET""""   Uprawnienia na wózek widłowy."
1181761,"KUCHARZ Niepubliczna Dwujęzyczna Szkoła Podstawowa Bonum Futurum w Tulcach   Zamiłowanie do gotowania, wprowadzania własnych pomysłów kulinarnych uwzględniających potrzeby dzieci, dodatkowo preferujemy osoby z doświadczeniem i książeczką Sanepidu. Praca na jedną zmianę w godz. 7-15 "
118184,"STAŻYSTA W SŁUŻBIE PRZYGOTOWAWCZEJ R2/1901-938/21 KOMENDA MIEJSKA PAŃSTWOWEJ STRAŻY POŻARNEJ WE WŁOCŁAWKU   wykształcenie średnie, prawo jazdy kat. C"
118345,"INSTRUKTOR TERAPII ZAJĘCIOWEJ Warsztaty Terapii Zajęciowej   Wymagania: wykształcenie średnie o profilu terapeuta zajęciowy, preferowane wyższe pedagogiczne."
118495,"PRACOWNIK DO SPRAW EWIDENCJI LUDNOŚCI I KWALIFIKACJI WOJSKOWEJ kontakt przez PUP   Wykształcenie wyższe, preferowane: administracja publiczna; umiejętność obsługi urządzeń biurowych"
118641,"PRACOWNIK WYKOŃCZENIA WNĘTRZ PRZEDSIĘBIORSTWO HANDLOWE """"JANTA"""" SPÓŁKA JAWNA BIERNACKA WIESŁAWA, BIERNACKI JANUSZ   mile widziane doświadczenie przy pracach wykończeniowych"
118796,KIEROWCA SAMOCHODU CIĘŻAROWEGO Publiczny Transport Ciężarowy Maciej Budziński   aktualne badania psychologiczne
118947,POMOCNICZY ROBOTNIK BUDOWLANY kontakt przez PUP   Predyspozycje psychofizyczne i zdrowotne : sprawny fizycznie
119105,MALARZ KONSTRUKCJI STALOWYCH - ŚRUCIARZ AD-MAL Adam Kowalczyk   Wymagania: mile widziany min. rok doświadczenia zawodowego.
119259,PRACOWNIK OGÓLNOBUDOWLANY SŁAWOMIR JOŃCZYK USŁUGI REMONTOWO-BUDOWLANE JOŃCZYK-BUD   Staż pracy min. 1 rok Praca w Myślenicach i Krakowie.
119415,PRACOWNIK I STOPNIA WYKONUJĄCY ZADANIA W RAMACH PRAC INTERWENCYJNYCH kontakt przez PUP   doświadczenie w administracji samorządowej
119573,"KOORDYNATOR-TECHNOLOG PROJEKTÓW Paweł Sołtys P P U H JETAS   Autocad, wizualizacja 30, rysunek techniczny"
1196359,"PRACOWNIK PRODUKCJI (KRAJACZ METALI) PPUH POM Strzelce Krajeńskie sp. z o.o.   minimum 2 lata doświadczenia na podobnym stanowisku, czytanie rysunku technicznego"
1196534,"PRACOWNIK PRODUKCJI (ŻAGAŃ) ZAKŁAD CERAMIKI ELEWACYJNEJ """"GOŁOWCZYŃSKI"""" SPÓŁKA Z OGRANICZONĄ ODPOWIEDZIALNOŚCIĄ   Mile widziane doświadczenie w pracy na produkcji."
1197037,"PRACOWNIK PRODUKCJI kontakt przez PUP   doświadczenie w pracy na produkcji, posiadanie książeczki sanepid lub chęć jej wyrobienia przed rozpoczęciem pracy"
1197173,"PRACOWNIK PRODUKCJI (NR 2935) kontakt przez PUP   gotowość do pracy w systemie trzyzmianowym i w dni wolne od pracy, mile widziana znajomość języka ukraińskiego z uwagi na pracę w brygadach ukraińskich.  "
119724,PRACOWNIK OGÓLNOBUDOWLANY USŁUGI OGÓLNOBUDOWLANE OSKAR OGONOWSKI   mile widziane doświadczenie zawodowe
1198414,"PRACOWNIK PRODUKCJI SEZONOWEJ R19/1565-767/21 RUN-CHŁODNIA WE WŁOCŁAWKU SPÓŁKA Z OGRANICZONĄ ODPOWIEDZIALNOŚCIĄ   brak wymagań w zakresie wykształcenia, aktualne orzeczenie do celów sanitarno- epidemiologicznych, umowa zlecenie (również w dni wolne) w godz.: 10.00-20.00, 20.00-06.00, dyspozycyjność, dobra organizacja pracy własnej, odpowiedzialność, dokładność, rzetelność"
119879,"WULKANIZATOR Auto-Naprawa Justyna Góraj   chęć do pracy, możliwość przyuczenia do zawodu"
120035,POMOCNIK BUDOWLANY MIROSŁAW JACUŃSKI USŁUGI BUDOWLANE   Zapewniona możliwość dojazdu na budowę po uzgodnieniu z pracodawcą.
120202,OPIEKUN Dom Pomocy Społecznej MECENAT s.c.   Mile widziane 6 - miesięczne doświadczenie w zawodzie.   
120359,OBSŁUGA STOISKA I KAS kontakt przez PUP   [Umiejętność 1] : komunikatywność i umiejętność pracy w zespole 
120513,"NAUCZYCIEL Niepubliczna Szkoła Podstawowa Specjalna UMIEM   [Umiejętność 1] : Studia wyższe na kierunku: pedagogika, psychologia, logopedia"
120653,"PRACOWNIK ZAJMUJĄCY SIĘ SPRZĄTANIEM - MYCIE I CZYSZCZENIE URZĄDZEŃ SALI OPERACYJNEJ kontakt przez PUP   3,5 roku doświadczenia zawodowego; mile widziane: sumienność, skrupulatność, referencje"
120802,KIEROWCA-OPERATOR HDS Konstruktor Bis Sp. z o.o. Sp. k.   [Inne] : Uprawnienia i doświadczenie w obsłudze HDS( hydrauliczny dźwig samochodowy)
120958,SORTOWACZ kontakt przez PUP   1 miesiąc doświadczenia w pracy przy sortowaniu przesyłek pocztowych 
121118,KURIER - KIEROWCA SAMOCHODU DOSTAWCZEGO KLAR Kamil Chojnacki   Zaświadczenie o niekaralności
121268,"PRACOWNIK GOSPODARCZY CAŁOROCZNY OŚRODEK WYPOCZYNKOWO-SZKOLENIOWY ZALESIE S.C. MAŁGORZATA CZESZEJKO-SOCHACKA, MARIUSZ CZESZEJKO-SOCHACKI   wymagania - oczekiwania pracodawcy: uprawnienia SEP do 1 KV"
121428,"OGRODNIK TERENÓW ZIELENI kontakt przez PUP   wykształcenie dowolne, chęć do pracy praca na pół etatu"
121573,PRACOWNIK MYJNI RĘCZNEJ SIKORA -.AC.- SPÓŁKA Z OGRANICZONĄ ODPOWIEDZIALNOŚCIĄ   Wykształcenie min. zawodowe (dowolne). Prawo jazdy kat. B
121891,"OPERATOR SPRZĘTU C kontakt przez PUP   Wymagany staż pracy 5 lat, uprawnienia : ładowarka, fadroma, koparko-ładowarka"
122051,"POMOC ADMINISTRACYJNA kontakt przez PUP   Wykształcenie wyższe - mile widziane. Komunikatywność, podstawowa znajomość obsługi komputera - pożądane"
1221011,PRZEDSTAWICIEL HANDLOWY BELSO SPÓŁKA Z OGRANICZONĄ ODPOWIEDZIALNOŚCIĄ   Doświadczenie zawodowe w bezpośredniej sprzedaży.
122218,WULKANIZATOR MAZITRANS Krzysztof Mazurek   Wymagany staż pracy minimum rok oraz znajomość branży.
122368,POMOCNICZY ROBOTNIK BUDOWLANY PROTECH INVEST SP. Z O. O.   Doświadczenie zawodowe min. 2 lata.
122527,ŚLUSARZ - SPAWACZ kontakt przez PUP   mile widziane uprawnienia spawalnicze
122677,"MECHANIK MASZYN ROLNICZYCH I BUDOWLANYCH PJS usługi Patryk Szula   Umiejętność pracy w zawodzie - znajomość mechaniki, mile widziana umiejętność spawania."
122833,ROBOTNIK GOSPODARCZY kontakt przez PUP   Umiejętność wykonywania prac gospodarczych i porządkowych.
1253977,"SPECJALISTA DS. SERWISU Easy Select J.Iskra, B.Gostyńska s.c.   [Umiejętność 1] : Poszukujemy zmotywowanego Kandydata, chętnego do nauki zawodu."
1255159,"PODINSPEKTOR/INSPEKTOR/SPECJALISTA W WYDZIALE OBSŁUGI Zarząd Lokali Miejskich   [Inne] : • ukończone kursy i szkolenia z zakresu profesjonalnej obsługi sekretariatu,  • doświadczenie zawodowe na stanowisku o podobnym zakresie zadań,   • doświadczenie zawodowe w pracy w administracji publicznej."
1255281,"SPECJALISTA DS. KADR I PŁAC ORAZ ZUS kontakt przez PUP   sumienność i skrupulatność; znajomość podstaw przepisów prawa pracy, kalkulacji wynagrodzeń oraz zasiłków wypłacanych w związku z umową o pracę, znajomość przepisów dotyczących ubezpieczeń społecznych"
1255400,"SPECJALISTA DS. SANITARNYCH LUB ELEKTRYCZNYCH """"UZDROWISKO KOŁOBRZEG"""" SPÓŁKA AKCYJNA   [Inne] : •        Wykształcenie wyższe techniczne  •        Znajomość prawa budowlanego •        Znajomość zamówień publicznych  •        Umiejętności z zakresu prac elektrycznych/hydraulicznych/budowlanych •        Mile widziane uprawnienia budowlane "
1257377,"SPECJALISTA DO SPRAW SPRZEDAŻY Jerzy Bratkowski I. PRZEDSIĘBIORSTWO HANDLOWE BRATPOL II. B-VIMED   Wymagania: minimum rok pracy w dziale sprzedaży, znajomość logistyki, umiejętność przygotowania dokumentów przetargowych, znajomość obsługi komputera, mile widziana znajomość programów do wysyłek kurierskich (np.Firm Schenker, Raben). Znajomość języka angielskiego w stopniu dobrym. Cv należy przesłać na maila pracodawca skontaktuje się z wybranymi kandydatami."
1257526,"SPECJALISTA DO SPRAW KADR YAN-BUD VITALII YANISHEVSKYI   wykształcenie wyższe, staż pracy bez znaczenia, KURS KADRY I PŁACE  W związku z tym, że firma zatrudnia obcokrajowców (ukraińców), specjalista ds. kadr powinien znać język ukraiński B2"
1260019,"SPECJALISTA DS. SZKOLEŃ (PIELĘGNIARSTWO PSYCHIATRYCZNE) kontakt przez PUP   Wymagania: wykształcenie wyższe pielęgniarskie, znajomość przepisów prawnych z zakresu kształcenia podyplomowego, obowiązujących programów kształcenia podyplomowego pielęgniarek i położnych, znajomość środowiska medycznego, znajomość pracy biurowej, prowadzenia dokumentacji, archiwizacji dokumentów, znajomość obsługi komputera, pakietu MS OFFICE oraz EXCEL, umiejętności interpersonalne, wskazane posiadanie tytułu specjalisty w dziedzinie pielęgniarstwa psychiatrycznego.    Obowiązki:  - realizowanie zadań związanych z przebiegiem szkoleń specjalizacyjnych dla pielęgniarek i położnych  - prowadzenie czynności przygotowawczych związanych ze szkoleniami  - prowadzenie dokumentacji szkoleń  - rekrutacja kadry dydaktycznej  - przygotowanie umów z placówkami szkoleniowymi, opracowywanie harmonogramów zajęć  - opracowanie testów  - praca w czasie ruchomym w weekendy    Praca na 1/8 etatu, w czasie ruchomym w weekendy."
1262,"PRACOWNIK OBSŁUGI BIUROWEJ """"GIEŁDA"""" Firma Handlowo-Usługowa Ewa Chyra   wykształcenie średnie - mile widziane kierunkowe (logistyka, transport), obsługa komputera, znajomość języka angielskiego lub niemieckiego w stopniu komunikatywnym."
1384043,SPRZĄTACZKA P. W. KARABELA-CK Sp. z o.o.   Orzeczenie o stopniu niepełnosprawności.  Mile widziane doświadczenie na podobnym stanowisku.
1384209,"SPRZĄTACZKA PRZEDSIĘBIORSTWO USŁUGOWE """"GARDEN"""" ALFREDA GAJEK   Sprzątanie klatek w blokach, motywacja do pracy, sumienność, odpowiedzialność."
1384499,"SPRZĄTACZKA DOMOWA KM Service Karolina Mydłowska   Wykształcenie średnie   punktualność   pracowitość, staranność   Osoba bez nałogów, chętnie z doświadczeniem przy sprzątaniu prywatnych nieruchomości."
141035,"KIEROWCA C+E - 520 MBM TRANSPORT MATEUSZ MUSIAŁ   prawo jazdy kat. C+E, ważna karta kierowcy, podstawowa znajomość języka angielskiego, niemieckiego"
141186,"ELEKTROMONTER - 473 JARO SPÓŁKA AKCYJNA   wykształcenie min. zawodowe, uprawnienia SEP powyżej 1kV, znajomość instalacji elektrycznych, czytanie schematów elektrycznych, zasilania i sterowania; punktualność, odpowiedzialność, umiejętność pracy w zespole."
1412,MŁODSZY KONSULTANT/CZYNNOŚCI ADMINISTRACYJNO-BIUROWE kontakt przez PUP   [Umiejętność 1] : podstawowa wiedza z zakresu legalizacji pobytu i pracy cudzoziemców 
141341,"POMOC KSIĘGOWEJ FCG FISCAL CONSULTING GROUP WALDEMAR BRYSZ   wykształcenie średnie zawodowe, doświadczenie na podobnym stanowisku, biegła obsługa komputera - Umiejętność obsługi programów Ms Office, DOŚWIADCZENIE I UMIEJĘTNOŚĆ PRACY W ZESPOLE, jęz. angielski B1"
141487,"MASZYNISTA MASZYN OFFSETOWYCH R117/1768-865/21 kontakt przez PUP   mile widziane wykształcenie zasadnicze zawodowe, prawo jazdy kat. B, znajomość obsługi maszyn offsetowych"
141620,"KELNER (NR 2123) SPÓŁDZIELNIA GASTRONOMICZNA W BYDGOSZCZY   Wymagania: - wykształcenie średnie, - doświadczenie na stanowisku kelnera, - dobra organizacja własnej pracy, - aktualne badania do celów sanitarno-epidemiologicznych."
141761,"SZLIFIERZ/ TOKARZ R1678/1175-565/21 DRUMET LINY I DRUTY SPÓŁKA Z OGRANICZONĄ ODPOWIEDZIALNOŚCIĄ   wykszt. min. zasadnicze zawodowe techniczne; mile widziane doświadczenie; wiedza z zakresu obróbki skrawaniem; praca w godz. 06.00-14.00, 14.00-22.00"
141915,"POMOCNIK ELEKTRYKA AUTOELEKTRONIKA Artur Sapiaszko   KONTAKT W SPRAWIE OFERTY PRACY: - osobisty: Pokrówka, ul. Mostowa 3 - telefoniczny:  <<PHONE>> - można również przesyłać CV drogą e-mailową na adres:  <<EMAIL>>  "
142069,"MECHANIK SAMOCHODOWY KWIATEX AUTOSERVICE Roman Kwiatkowski   Umiejętność naprawy samochodów osobowych:montaż i demontaż podzespołów samochodu., wymiana klocków, rozrządu itp. Roczne doświadczenie nie wliczając okresu przygotowania zawodowego."
142215,"SZWACZKA MASZYNOWA kontakt przez PUP   umiejętność szycia na maszynach szwalniczych : stębnówka automat, overlocka, renderki, dziurkarki, guzikarki"
142367,"PRACOWNIK MAGAZYNU kontakt przez OHP   Gotowość do pracy dwuzmianowej (5.45 - 14.00, 15.00 - 23.15). Możliwość pracy tylko na zmianie nocnej 20.30 - 4.45 lub 24.00 - 8.15"
142527,"PRACE PRZY ROBIENIU KEBABÓW Kebab Tomasz Kromka   wykształcenie średnie, umiejętność krojenia mięsa, robienia kebabów, obsługi kasy fiskalnej; wymagana książeczka sanepidowska, min. 4 miesiące pracy przy krojeniu mięsa"
142677,"TAPICER MEBLOWY Grzegorz Smagło Tapicerstwo   Wykształcenie nieistotne, możliwość przyuczenia do zawodu, chęć do pracy, dbanie o porządek pracy."
142833,"CIEŚLA FIRMA PRODUKCYJNO - HANDLOWO - USŁUGOWA """"DOMAR"""" MARIUSZ GRZYB   mile widziane doświadczenie, może być także osoba do przyuczenia posiadająca chęci do pracy"
142975,"TECHNOLOG - KOORDYNATOR PRODUKCJI ( 167 J) OBRAMET Sławomir Płuciennik   [Umiejętność 1] : znajomość technologii obróbki metalu,  znajomość zarządzania  produkcją, obsługa programów CAD/CAM; prawo jazdy B [Inne] : wynagrodzenie do negocjacji uzależnione od kwalifikacji i obowiązków "
143119,"OPERATOR LINII BMW MAGNA NOWOCZESNE TECHNOLOGIE PRODUKCJI SPÓŁKA AKCYJNA   pożądane wyk. podstawowe, min. 2 miesiące doświadczenie jako operator CNC,podstawowa znajomość rysunku technicznego,   znajomość obsługi przyrządów pomiarowych  Praca 6-14, 14-22, 22-6"
143272,"POMOCNIK STOLARZA Artur Kamiński PEXIM   wyk. min. zawodowe, mile widziane doświadczenie, samodzielność, łatwość przerzucania się z jednej czynności na drugą, dokładność, samokontrola  Praca pon.- pt. 6-14"
143419,"KIEROWCA CATERINGU FUH MAZUR & MAZUR Janusz Mazur, Piotr Mazur s.c.   Prawo jazdy kat. B, doświadczenie na podobnym stanowisku, znajomość języka angielskiego w stopniu komunikatywnym, dobra organizacja czasu pracy, odpowiedzialność, wysoka kultura osobista."
143559,"LAKIERNIK SAMOCHODOWY kontakt przez OHP   Zatrudnienie uczestnika 9-8 Hufca Pracy w Sanoku, w ramach gwarancji zatrudnienia, po ukończeniu praktycznej nauki zawodu."
143710,"SALOWA kontakt przez PUP   [Inne] : Praca w dni wolne, ruch ciągły, Kontakt do Kierownika Obiektu Katarzyna Guzińska  <<PHONE>> "
143854,"SPAWACZ-MONTER BASE GROUP SPÓŁKA Z OGRANICZONĄ ODPOWIEDZIALNOŚCIĄ   Wymagania: umiejętność spawania sekcji rurowych, umiejętność czytania rysunku technicznego, uprawnienia spawalnicze, doświadczenie zawodowe minimum rok."
144000,"POMOCNIK ELEKTRYKA VIGOSTYN SP. Z O.O.   brak przeciwwskazań do pracy na wysokości pow. 3m, umiejętność pracy w zespole, gotowość do podjęcia pracy i zdobywania wiedzy."
144145,"INFORMATYK Bank Spółdzielczy w Szczekocinach   wykształcenie wyższe, prawo jazdy kat B, bardzo dobra znajomość pakietu Office, mile widziane doświadczenie na wskazanym stanowisku,"
144287,"MONTER ROZDZIELNIC INCOBEX - ELPLAST SPÓŁKA Z OGRANICZONĄ ODPOWIEDZIALNOŚCIĄ   Wykształcenie bez znaczenia, wymagane doświadczenie na podobnym stanowisku oraz umiejętność czytania dokumentacji technicznej. Mile widziane: wykształcenie kierunkowe, uprawnienia do zajmowania się eksploatacją urządzeń."
144434,"KIEROWANIE POJAZDEM DOSTAWCZYM PERFEKT LOGISTYKA POLSKA SPÓŁKA Z OGRANICZONĄ ODPOWIEDZIALNOŚCIĄ   Wymagane doświadczenie zawodowe min. 1 rok na stanowisku kierowcy busa do 3,5 t. Wymagana umiejętność obsługi wózka widłowego Wymagana umiejętność wypełniania dokumentów przewozowych."
144574,"KIEROWCA KAT. B PPUH SOREL Sp. z o.o.   wykształcenie średnie, mile widziane doświadczenie zawodowe, prawo jazdy kat. B., zaangażowanie, dbanie o powierzony pojazd, sumienność, chęć do pracy."
144718,"OPIEKUN/KA OSÓB STARSZYCH PRO SENTIUM Sp. z o.o., Sp. k.   Wymagania: doświadczenie zawodowe na stanowisku opiekuna osób starszych, znajomość języka niemieckiego w stopniu minimum podstawowym."
144863,"ELEKTRYK GAJDA JAROSŁAW USŁUGI INSTALACYJNE I REMONTOWE   wykształcenie od zawodowego, wymagane doświadczenie zawodowe w montażu instalacji elektrycznych, uprawnienia SEP do 1kV."
145019,"ADMINISTRATOR NIERUCHOMOŚCI UNIKOL KRZYSZTOF CIEŚLIK SPÓŁKA JAWNA   Zakres obowiązków; kontrola nieruchomości, kontrola firm obsługujących nieruchomość, obsługa mieszkańców w powierzonych nieruchomościach . Wymagania; doświadczenie na podobnym stanowisku.Prawo jazdy kat B."
145167,"OPERATOR WÓZKA WIDŁOWEGO FIRMA HANDLOWO - USŁUGOWA """"SZKŁOMAL"""" PIOTR TRUSZCZYŃSKI   Wymagania - kurs obsługi wózków jezdniowych oraz mile widziane doświadczenie na stanowisku. Kontakt osobisty lub telefoniczny."
145323,KELNER Akademicki Związek Sportowy COSA w Wilkasach   Mile widziane doświadczenie w pracy w obsłudze gastronomicznej klienta  Mile widziana znajomość jęz. angielskiego lub niemieckiego w stopniu przynajmniej podstawowym
145472,SZPACHLARZ-MALARZ/MONTER PŁYT K/G PHU Artmax Artur Rafiński   Wymagania: Doświadczenie jako szpachlarz-malarz/monter płyt K/G - min. 3 lata. Praca na terenie Polski (obecnie Sopot). Kontakt telefoniczny.
145622,"PRACOWNIK EKIPY SPRZĄTAJĄCEJ kontakt przez PUP   umiejętność obsługi maszyny szorującej oraz szorująco-zmywającej, praca w centrum Poznania, praca na dwie zmiany w godzinach 6-14 oraz 14-22"
145760,"OPIEKUN Baby Dream Marzena Sójka, Paweł Borowski s.c.   wykształcenie wyższe, min. licencjat - edukacja wczesnoszkolna i przedszkolna lub ukończony 280-godzinny kurs opiekuna w żłobku"
145909,"OPIEKUN GALERII MUZEUM ( STAŻ EFS DLA OSÓB DO 29 R.Ż.) kontakt przez PUP   wykształcenie min. średnie mile widziane wyższe z zakresu turystyki, mile widziana znajomość języka angielskiego lub niemieckiego, wysoka kultura osobista, komunikatywność"
146060,"KIEROWCA SAMOCHODU POW. 3,5 T. Przedsiębiorstwo Usług Komunalnych Spółka z o.o.   [Inne] : Posiadanie cyfrowej karty kierowcy, świadectwa kwalifikacji zawodowej kierowcy oraz badania psychologicznego będzie dodatkowym atutem."
146210,"POMOCNICZY ROBOTNIK BUDOWLANY kontakt przez PUP   [Umiejętność 2] : Dyspozycyjność, asertywność, empatia, energiczność, komunikatywność, dokładność, otwartość, rzetelność  [Umiejętność 1] : wykonywanie ścian, szpachlowanie, samodzielność, umiejętność posługiwania się narzędziami pomiarowymi, pracownik ogólnobudowlany"
146354,"WOŹNY - KONSERWATOR - 550 Szkoła Podstawowa Nr 105   wykształcenie minimum podstawowe, obywatelstwo polskie, dobry stan zdrowia, doświadczenie na podobnym stanowisku, umiejętność pracy w zespole, umiejętność organizacji pracy, rzetelność, sumienność, dyspozycyjność, systematyczność, odpowiedzialność,"
146497,"SORTOWACZ kontakt przez PUP   minimum 1 miesiąc doświadczenia w pracy na podobnym stanowisku, punktualność, dokładne wykonywanie poleceń."
146650,"SALOWA SAMODZIELNY PUBLICZNY ZESPÓŁ ZAKŁADÓW OPIEKI ZDROWOTNEJ W PRUSZKOWIE   Poziom wykształcenia - nie wymagane. Inne - sumienność w wykonywaniu obowiązków, książeczka sanitarno-epidemiologiczna."
146800,PODINSPEKTOR DS. KSIĘGOWOŚCI FINANSOWO-BUDŻETOWEJ Urząd Miejski w Przemkowie   [Umiejętność 1] : Pełna treść wymagań i obowiązków: https://umprzemkow.bip.gov.pl/ogloszenia-o-prace/17199_podinspektor-ds-ksiegowosci-finansowo-budzetowej.html 
146938,"MONTER ŚCIANEK DZIAŁOWYCH """"NOVA-S.T."""" SPÓŁKA Z OGRANICZONĄ ODPOWIEDZIALNOŚCIĄ   Wymagania: wykształcenie min. zasadnicze zawodowe oraz doświadczenie zawodowe min. 2 lata. Mile widziane prawo jazdy kat. B."
147089,"KELNER Działa Sławomir Działa Lucyna F.H.U.""""SINUS"""" SPÓŁKA CYWILNA   wykształcenie nieistotne, wymagane posiadanie książeczki sanepidowskiej, mile widziana znajomość języka angielskiego oraz doświadczenie zawodowe, komunikatywność, otwartość, dyspozycyjność"
147233,"PRACOWNIK OGÓLNOBUDOWLANY kontakt przez PUP   doświadczenie w pracy związanej ze wznoszeniem budynków, udokumentowane kwalifikacje bądź doświadczenie w pracy na danym stanowisku"
147378,"POMOC NAUCZYCIELA kontakt przez PUP   uprawnienia z zakresu pedagogiki specjalnej   doświadczenie zawodowe z pracą z dziećmi, cierpliwość, łatwość nawiązywania kontaktów z dziećmi"
147524,"AUTOMATYK ELEKTRONIK FABRYKA PIERŚCIENI TŁOKOWYCH PRIMA S.A.   - roczna praktyka w zawodzie - programowanie sterowników PLC, CNC - znajomość budowy i funkcjonowania maszyn - uprawnienia elektryczne Gr.1 do 15 k V"
147670,"KIEROWCA CIĄGNIKA ROLNICZEGO-TRAKTORZYSTA Elbląskie Przedsiębiorstwo Gospodarki Komunalnej Spółka z o. o.   Wykształcenie bez znaczenia, mile widziane doświadczenie w zawodzie, wymagane: prawo jazdy kat B, C, uprawnienia operatora koparko-ładowarki lub operatora ładowarki, maszyn drogowych (dowolnie)."
147810,"KIEROWCA MIĘDZYNARODOWY kontakt przez PUP   wymagana znajomość języka ukraińskiego i rosyjskiego, ponieważ firma współpracuje ze spedycją ukraińską,  umiejętność wypełniania dokumentów transportowych CMR,   wymagane doświadczenie w przewozie towarów poza granicami kraju."
147951,"PIELĘGNIARKA Dom Pomocy Społecznej w Jaworze   Wykształcenie średnie lub wyższe, aktualne prawo do wykonywania zawodu pielęgniarki, dyplom w zawodzie, raport z badania bakteriologicznego."
148093,PRACOWNIK RESTAURACJI RUBIN Jolanta Dąbrowska   [Inne] : GOTOWOŚĆ WYROBIENIA KSIĄŻECZKI DO CELÓW SANITARNO-EPIDEMIOLOGICZNYCH. Zatrudnimy również osoby z orzeczeniem o stopniu niepełnosprawności - wyjątek stanowią osoby z epilepsją. 
148250,"MECHANIK PRECYZYJNY ALF- SENSOR SPÓŁKA JAWNA   wykształcenie min. zawodowe, mile widziane umiejętności manualne godz. pracy: 6-14, 14-22"
148393,"PRACOWNIK KWASZARNI kontakt przez PUP   Ciężka praca, wymagająca dobrej kondycji fizycznej. Godziny pracy: od 7:00 do 15:00."
148545,"INSTALATOR SYSTEMÓW KLIMATYZACJI I WENTYLACJI Enviklim Krzysztof Wysiecki   obsługa elektronarzędzi, umiejętność pracy w zespole, dyspozycyjność (możliwe delegacje), mile widziane doświadczenie w branży chłodniczej."
148691,NAUCZYCIEL PRAKTYCZNEJ NAUKI ZAWODU (MECHANIK POJAZDÓW SAMOCHODOWYCH) Centrum Kształcenia Zawodowego i Ustawicznego Nr 2 w Wadowicach   Wykształcenie wyższe magisterskie z przygotowaniem pedagogicznym; kierunek: budowa pojazdów samochodowych diagnostyka i eksploatacja.
148846,OPERATOR STACJI UZDATNIANIA WODY Karkonoski System Wodociągów i Kanalizacji Sp. z o.o.   Mile widziane doświadczenie na podobnym stanowisku pracy. Uprawnienia elektryczne do 1 kv.
148994,SPAWACZ PKP CARGOTABOR Sp. z o.o.   Wymagania: uprawnienia spawalnicze- spawanie metodą 135 lub 111 spoiny doczołowe lub pachwinowe. Doświadczenie mile widziane . Praca od 07:00 do 19:00 II zmiany.
149137,POMOCNICZY ROBOTNIK SZKLARNIOWY OFPR/21/1435 (S) kontakt przez PUP   PI PO WER podmiana - oferta adresowana do osób bezrobotnych do 30 r.ż.
149281,"INSPEKTOR DS. PRZYGOTOWANIA PRODUCJI (NR 2937) METALKO SPÓŁKA Z OGRANICZONĄ ODPOWIEDZIALNOŚCIĄ   studia techniczne, mechaniczne, wymagane doświadczenie na podobnym stanowisku, znajomość języka angielskiego lub niemieckiego, znajomość programów Autocad, Inventor, Solid Edge, Ms Office"
149426,"KIEROWCA SAMOCHODU OSOBOWEGO OS AUTOTRAIDING SPÓŁKA Z OGRANICZONĄ ODPOWIEDZIALNOŚCIĄ   miejsce wykonywania pracy - cały teren województwa wielkopolskiego, mile widziana znajomość języka rosyjskiego"
149426,"KIEROWCA SAMOCHODU OSOBOWEGO OS AUTOTRAIDING SPÓŁKA Z OGRANICZONĄ ODPOWIEDZIALNOŚCIĄ   miejsce wykonywania pracy - cały teren województwa wielkopolskiego, mile widziana znajomość języka rosyjskiego"
149426,"KIEROWCA SAMOCHODU OSOBOWEGO OS AUTOTRAIDING SPÓŁKA Z OGRANICZONĄ ODPOWIEDZIALNOŚCIĄ   miejsce wykonywania pracy - cały teren województwa wielkopolskiego, mile widziana znajomość języka rosyjskiego"
149574,MURARZ KARPAT-BUD sp. z o.o.   OFERUJEMY: pracę w renomowanej firmie o ugruntowanej pozycji na rynku umowę o pracę w pełnym wymiarze czasu pracy komfortowe warunki pracy samodzielne stanowisko pracy 
149720,KIEROWCA TAXI kontakt przez PUP   mile widziane doświadczenie na podobnym stanowisku umiejętność obsługi aplikacji nawigacyjnych preferowana pełna dyspozycyjność 
149871,"PRACOWNIK KUCHNI Andreas Sokołowski Cafe Harmonia   • Wykształcenie: brak wymagań  • Doświadczenie zawodowe: mile widziane  • Znajomość języków: niemiecki - komunikatywnie  • Samodzielność, dbałość o higienę"
150021,OPERATOR WÓZKÓW WIDŁOWYCH HUMAN&HUNTER SPÓŁKA Z OGRANICZONĄ ODPOWIEDZIALNOŚCIĄ   wymagane uprawnienia UDT na wózki widłowe pracodawca zapewnia bezpłatny przewóz pracowników z okolicznych miejscowości
19237,"SPRZEDAWCA Zakład Usługowo-Handlowy """"Komplex"""" - Dariusz Czyrw   Doświadczenie zawodowe mile widziane."
19390,"KASJER - SPRZEDAWCA Kinga Krzysiek - Kiro   doświadczenie pracy w sklepie ogólnospożywczym , znajomość standardów"
194381,"PRACOWNIK DO PROWADZENIA ROZLICZEŃ Z NFZ OŚRODEK BADAWCZO - NAUKOWO - DYDAKTYCZNY CHORÓB OTĘPIENNYCH IM. KSIĘDZA HENRYKA KARDYNAŁA GULBINOWICZA - OŚRODEK ALZHEIMEROWSKI SPÓŁKA Z OGRANICZONĄ ODPOWIEDZIALNOŚCIĄ   wykszt. wyższe, doświadczenie na podobnym stanowisku, bardzo dobra znajomość obsługi komputera, pakietu MS Office, samodzielność, inicjatywa i dynamika w działaniu, umiejętność szybkiego uczenia się, doskonała organizacja pracy, dokładność, sumienność, odpowiedzialność, zaangażowanie"
194539,"PRACOWNIK GOSPODARCZY Clar System S. A.   Oferta przeznaczona dla osób z orzeczeniem  o stopniu niepełnosprawności, mile widziane doświadczenie na stanowisku pracy, praca w pełnym wymiarze czasu pracy I zmiana , wynagrodzenie brutto  2800 zł/mc"
194695,"MECHANIK R142/1149-540/21 INDORAMA VENTURES POLAND SPÓŁKA Z OGRANICZONĄ ODPOWIEDZIALNOŚCIĄ   wykszt. co najmniej zasadnicze zawodowe kierunkowe - mechanik lub pokrewne; doświadczenie w pracy na podobnym stanowisku; uprawnienia energetyczne; umiejętność posługiwania się dokumentacją techniczną; zdolności manualne i techniczne; praca w godz.: 07.00-19.00, 19.00-07.00; uprawnienia spawalnicze i doświadczenia w spawaniu rurociągów/aparatów ze stali nierdzewnej będą dodatkowym atutem"
194858,MONTER OKIEN kontakt przez PUP   [Umiejętność 1] : Doświadczenie w pracy na podobnym stanowisku mile widziane [Inne] : W sprawie oferty proszę o kontakt z Iga Idzikowska tel.  <<PHONE>> a kontakt kandydatów z Martyna Górecka tel.+48 <<PHONE>>. Możliwy bezpłatny transport z miejscowości Poddębice oraz  Łódź Kaliska (w załączeniu rozkład jazdy Autobusów) 
195014,"KIEROWCA - SERWISANT COTTONPRODUCT SPÓŁKA JAWNA E I J GARDZIEL   Wykształcenie brak wymagań, prawo jazdy kat. B, pracowitość, punktualność, mile widziane doświadczenie na podobnym stanowisku. Etat umowa na okres próbny 3 miesiące z możliwością stałego zatrudnienia, jedna zmiana od 06:00 - 14:00. Możliwość pracy od zaraz. Wynagrodzenie od 3000 zł brutto miesięcznie - do uzgodnienia. Miejsce pracy Bochnia"
195170,"KADROWA Jacek Urbańczyk Firma Consultingowa """"PROMOTOR""""   Obsługa dokumentów kadrowych, rejestracje w ZUS i US, prowadzenie akt osobowych. Oczekujemy samodzielności w działaniach bieżących, doświadczenia w zakresie pracy kadrowej, oferujemy pracę w sympatycznym środowisku zawodowym. Godz. pracy między 09:00 - 17:00 "
195321,"STANOWISKO DS. OPRACOWYWANIA ŁADUNKÓW """"POCZTA POLSKA SPÓŁKA AKCYJNA""""   Wymagania: mile widziane uprawnienia do obsługi wózków widłowych  Obowiązki:  - opracowywanie przesyłek  - transportowanie przesyłek  - opracowywanie przesyłek maszynowo    *Praca w godzinach: 7:00-19:00, 19:00-7:00  **Możliwość pracy w wymiarze całego etatu lub 0,875 etatu    [Zgłoszenia:  <<EMAIL>> , 22 557 95 90]"
19546,"SPRZEDAWCA ZJM Sp. z o.o.   Mile widziane doświadczenie, pracodawca przyuczy."
195488,"KONSULTANT DZIAŁU SPRZEDAŻY kontakt przez PUP   WYKSZTAŁCENIE MINIMUM ŚREDNIE, JEDNA ZMIANA 8:00-16:00 - OFERTA STAŻU SKIEROWANA DO OSÓB BEZROBOTNYCH ZAREJESTROWANYCH W POWIATOWYM URZĘDZIE PRACY W KĘDZIERZYNIE-KOŹLU, W CELU OTRZYMANIA SKIEROWANIA NALEŻY SKONTAKTOWAĆ SIĘ ZE SWOIM DORADCĄ KLIENTA 77 4827043"
195650,"STOLARZ BUDOWLANY/CIEŚLA Boligkompaniet   Wykonywanie pracy z zaangażowaniem, punktualność, zorganizowanie. Umiejętność pracy indywidualnej i zespołowej. Wymagane doświadczenie w pracy w zawodzie – min.2 lata. Mile widziane doświadczenie w pracach budowlanych w Norwegii lub Skandynawii."
195811,"NAUCZYCIEL CHEMII - SURDOPEDAGOG Specjalny Ośrodek Szkolno-Wychowawczy Nr 2 dla Niesłyszących i Słaboslyszących   wykształcenie wyższe w zakresie nauczanego przedmiotu z przygotowaniem pedagogicznym lub studia magisterskie na dowolnym kierunku i studia podyplomowe w zakresie nauczanego przedmiotu oraz przygotowanie pedagogiczne, kurs kwalifikacyjny lub studia podyplomowe w zakresie surdopedagogiki"
195971,"LABORANT CHEMICZNY I2 ANALYTICAL LIMITED SPÓŁKA Z OGRANICZONĄ ODPOWIEDZIALNOŚCIĄ ODDZIAŁ W POLSCE   Wymagane wykształcenie min. średnie o profilu: chemia, ochrona środowiska, biotechnologia, biologia, geologia, inżynieria środowiska, geologia, laborant. Praca na jedną zmianę, 1 tydzień w miesiącu praca na 2 zmianę."
196133,"TECHNIK UTRZYMANIA OBIEKTU - KONSERWATOR Unimex sp. z o. o.   Oczekiwania: * Wykształcenie techniczne * Znajomości obsługi instalacji (w zależności od kierunku wykształcenia): - elektro-energetycznych - wentylacji i klimatyzacji - wodno-kanalizacyjnej * Uprawnienia SEP mile widziane * Obsługa komputera: Windows, MS Office * Odpowiedzialność * Uczciwość * Sumienność w wykonywaniu powierzonych zadań "
196297,"KIEROWCA SAMOCHODU DOSTAWCZEGO kontakt przez PUP   prowadzenie pojazdu, umiejętność korzystania z nawigacji. Mile widziane: doświadczenie na stanowisku, znajomość j. rosyjskiego, sumienność, dyspozycyjność, dobra organizacja czasu pracy, brak nałogów alkoholowych. Praca na terenie UE"
196463,"PRACOWNIK PRODUKCYJNY kontakt przez PUP   [System czasu pracy] : od 06:00 do 18:00, od 18:00 do 06:00 [Godzina zakończenia pracy] : 18:00 [Wymiar czasu pracy] : 200 godzin miesięcznie [Inna umowa] : od 01.07.2021 r. do 01.01.2023 r. Informacja starosty [Inne] : Pracodawca użytkownik Mikułan Spółka Jawna Łukasz Michalski, Michał Michalski "
196623,"PIELĘGNIARKA Powiatowy Zespół Szkół i Placówek Specjalnych   Pełna zdolność do czynności prawnych oraz korzystanie z pełni praw publicznych. Niekaralność (kandydat nie może być skazany prawomocnym wyrokiem sądu za umyślne przestępstwo, ścigany z oskarżenia publicznego lub umyślne przestępstwo skarbowe). Nieposzlakowana opinia. Doświadczenie w pracy z dziećmi z niepełnosprawnością intelektualną."
196780,"OPERATOR PIŁ BUDOWLANYCH Everton Przedsiębiorstwo Specjalistyczne   Wymagane doświadczenie 1-3 lata w technice diamentowej/ branży budowlanej, znajomość obsługi maszyn, wyczucie techniczne. Mile widziane wykształcenie średnie techniczne, uprawnienia na koparki/ ładowarki/ minikoparki. Samodzielność, dyspozycyjność, odpowiedzialność. Praca również w delegacji"
19693,"SPRZEDAWCA """"PP-H Indyk-Mazury Sp. z o.o."""" Spółka komandytowa   aktualna książeczka zdrowia, doświadczenie zawodowe: preferowane co najmniej roczne."
196945,"OPIEKUN DZIECI Z NIEPEŁNOSPRAWNOŚCIAMI STOWARZYSZENIE NA RZECZ DZIECI Z DYSFUNKCJAMI ROZWOJOWYMI """"BRUNO""""   [Inne] : Wymagane są kwalifikacje z zakresu opieki nad osobami z niepełnosprawnościami lub, w przypadku braku takich kwalifikacji, udokumentowane, minimum roczne doświadczenie w pracy z osobami z niepełnosprawnościami "
197098,"GŁÓWNY  SPAWALNIK SITECH SPÓŁKA Z OGRANICZONĄ ODPOWIEDZIALNOŚCIĄ   Min. 5 lat praktyki zawodowej w nadzorze procesów spawania,uprawnienia VT1/VT2, mile widziane: uprawnienia Międzynarodowego/Europejskiego Inżyniera Spawalnika (IWE/EWE), znajomość rysunku technicznego,umiejętność analitycznego myślenia, szybkiego podejmowania decyzji, komunikatywność, umiejętność pracy w zespole, bardzo dobra organizacja pracy, odporność na stres, asertywność, mile widziana znajomość języka niemieckiego lub angielskiego. "
197259,"OPERATOR SPRZĘTU CIĘŻKIEGO-PŁUCZKARZ ZOWER SP. Z O.O.   [Inne] : Uprawnienia: spycharki cat. II, koparki kat. II, ładowarki kat. II (5 m3). Praca w warunkach szczególnych na zwałowisku górniczym przy przeróbce mechanicznej węgla na zwałowisku górniczym. Praca zmianowa od 6 do 18 i od 18 do 6. Premie, ZFŚS, posiłki profilaktyczne, inne profity pracownicze "
197417,"PAKOWACZ PRZEDSIĘBIORSTWO PRODUKCYJNO-HANDLOWO-USŁUGOWE """"PAP-TRANS"""" DANUTA SZYSZ STEFAN SZYSZ SPÓŁKA JAWNA   mile widziane doświadczenie przy maszynach, zdolności manualne, umiejętność usuwania drobnych usterek, sumienność, odpowiedzialność, gotowość do pracy w ruchu ciągłym, mile widziane uprawnienia do obsługi wózka widłowego"
197577,"PRACOWNIK OBSŁUGI SALI kontakt przez PUP   mile widziane doświadczenie zawodowe w obsłudze klienta lub w restauracji, ale nie koniecznie - komunikatywność - dobra organizacja pracy - dbałość o detale - książeczka sanitarno- epidemiologiczna - komunikatywna znajomość j. angielskiego mile widziana"
197888,"MONTER KLIMATYZACJI  (NR 2931) RX FINANCE BARTŁOMIEJ KLIMCZYK   Doświadczenie zawodowe: 1-2 lata na podobnym stanowisku Znajomość budowy oraz zasad działania układu klimatyzacji Umiejętność obsługi elektronarzędzi Samodzielność, dokładność oraz umiejętność organizacji pracy Prawo jazdy kat B mile widziane posiadanie certyfikatu dla personelu obsługa palnika acetylenowo-tlenowego do lutowania twardego / certyfikat"
198045,"OPERATOR PILAREK MAZURSKIE MEBLE SZYNAKA INTERLINE SPÓŁKA Z OGRANICZONĄ ODPOWIEDZIALNOŚCIĄ   Wykształcenie: zasadnicze zawodowe (stolarz). Doświadczenie zawodowe: mile widziane na podobnym stanowisku  Oczekiwania dodatkowe: rzetelność,  dyspozycyjność. Dodatkowe informacje: grupowe ubezpieczenie na życie, karnety SPA, bony świąteczne, paczki świąteczne dla dzieci, świadczenia z ZFŚS."
19866,"SPRZEDAWCA kontakt przez PUP   komunikatywność, odporność na stres"
20018,"SPRZEDAWCA kontakt przez PUP   chęć do pracy, osoba sumienna, pracowita"
20181,"KASJER-SPRZEDAWCA PRZEDSIĘBIORSTWO WIELOBRANŻOWE 'BETA' BIERNACKI, TOMCZAK SPÓŁKA JAWNA   doświadczenie, mile widziane badania sanitarne"
208,HANDLOWIEC PRACOWNIK BIUROWY KNYCHTECH Przemysław Knych   Uwaga miejsce pracy: Dobrzany.  Wynagrodzenie 2800 zł. brutto + premia + prowizja.
21191,"SPRZEDAWCA FIRMA """"ZBYSZKO"""" MONIKA PASKUDZKA   wykształcenie zasadnicze zawodowe kierunek bez znaczenia, mile widziane doświadczenie w handlu i posiadanie książeczki do celów sanitarno-epidemiologicznych, dyspozycyjność, komunikatywność, chęci do pracy"
21349,"SPECJALISTA DO SPRAW MARKETINGU/SPRZEDAWCA """"ODNOWA"""" Spółdzielnia Produkcyjno Usługowo Handlowa   Wymagane wykształcenie minimum średnie, 1 rok doświadczenia zawodowego, Prawo jazdy kat. B, obsługa komputera, komunikatywność, uprzejmość, dyspozycyjność, język angielski w stopniu komunikatywnym"
21510,"SPRZEDAWCA """"SABINKA"""" CUKIERNIA SABINA GRZENKOWICZ   staż pracy 1 rok, dokładność, skrupulatność, punktualność, umiejętność pracy w zespole, obsługa kasy fiskalnej, miła aparycja, mile widziana aktualna książeczka zdrowia"
21667,"SPRZEDAWCA-KASJER kontakt przez OHP   aktualna ks. dc sanitarno- epidemiologicznych, dyspozycyjność, komunikatywność;  gotowość do pracy w systemie zmianowym oraz do pracy fizycznej; zaangażowanie"
25495,"SPRZEDAWCA kontakt przez PUP   staż FP gwarancja zatrudnienia I zmiana 10:00-18:00 II zmiana 12:00-20:00 III zmiana 13:30-21:30 pora nocna 22:00-06:00 wymagania: wykształcenie min. zasadnicze zawodowe - mile widziane handlowe, komunikatywność i wysoka kultura osobista"
254992,"KIEROWCA AUTOBUSU Miejski Zakład Komunikacji Puławy Sp. Z O.O.   prawo jazdy kat. D, posiadanie ważnej kwalifikacji wstępnej lub szkolenia okresowego kierowców, zaświadczenie o braku zakazu wykonywania zawodu kierowcy, mile widziany staż w zawodzie oraz znajomość topografii miasta i organizacji sieci MZK, mile widziane posiadanie karty do tachografu elektronicznego, 1/2 etatu, wynagrodzenie 1550 zł + dodatki(premia, prowizja za sprzedaż biletów, dodatek za pracę w niedzielę i święta, dodatek za pracę w porze nocnej, dodatek stażowy)"
255185,"OPERATOR MASZYN CIŚNIENIOWYCH (O) """"ADECCO POLAND"""" sp. z o.o.   Oferta pracy tymczasowej zgłoszona przez agencję zatrudnienia. Wymagania: mile widziane doświadczenie w obsłudze maszyn i urządzeń ciśnieniowych, wykształcenie podstawowe. Praca w Tarnowie od pon. do pt. na dwie zmiany w godz.: 7.00-15.00, 15.00-23.00, wynagrodzenie 2 800 zł brutto. Kontakt: """"ADECCO POLAND"""" Sp. z o.o., kontakt telefoniczny  <<PHONE>>, CV można przesyłać na adres e-mail:  <<EMAIL>> ."
255369,"INFORMATYK kontakt przez OHP   Wykształcenie średnie lub wyższe, Doświadczenie w pracy – mile widziane, Umiejętność konfigurowania i zarządzania urządzeniami aktywnymi sieci, Biegła znajomość obsługi i konfiguracji systemów operacyjnych z rodzin MS Windows oraz pakietów biurowych, Znajomość obsługi baz danych, Znajomość prawa w zakresie wymaganym na stanowisku (m.in. ustawa o podpisie elektronicznym, ustawa o ochronie danych osobowych),"
255543,"KSIĘGOWA/WY OPTIMA KJ Biuro Usług Księgowych Spółka z o.o.   Wymagania: - wyższe wykształcenie ekonomiczne, - praktyczne doświadczenie w zakresie pełnej księgowości w tym w sporządzaniu bilansów- min. 2 lata doświadczenia na samodzielnym stanowisku - prowadzenie ksiąg rachunkowych oraz dokonywanie rozliczeń podatkowych w oparciu o aktualne przepisy, w tym: podatku dochodowego od osób prawnych, podatku dochodowego od osób fizycznych, podatku VAT, ustawy o rachunkowości, amortyzacji itd., - kontrola zmian podatkowych i nadzór nad prawidłowością księgowań - samodzielność, odpowiedzi"
255723,"WYCHOWAWCA OBOZOWY Stowarzyszenie GTW   [Umiejętność 2] : uprawnienia wychowawcze oraz doświadczenie w pracy z dziećmi i młodzieżą [Umiejętność 1] : uprawnienia instruktora survivalu i/lub harcerskie uprawnienia instruktorskie [Inne] : Wymagania:  - uprawnienia instruktora survivalu i/lub harcerskie uprawnienia instruktorskie, - doświadczenie w prowadzeniu zajęć harcerskich/survivalowych, - uprawnienia wychowawcze oraz doświadczenie w pracy z dziećmi i młodzieżą, - poczucie odpowiedzialności i świadomość charakteru pracy z dziećmi i młodzieżą, - umiejętność pracy w zespole, entuzjazm, poczucie humoru oraz chęć do dobrej zabawy. "
255899,"OPIEKUN W ŻŁOBKU-1/2 ETATU- CD Żłobek Miejski w Czechowicach-Dziedzicach   Osoba powinna posiadać co najmniej wykszt. średnie oraz kurs opiekuna w żłobku oraz aktualny kurs I pomocy lub kwalifikacje pielęgniarki, położnej, opiekunki dziecięcej, nauczyciela wychowania przedszkolnego, nauczyciela edukacji wczesnoszkolnej lub pedagoga opiekuńczo-wychowawczego, pedagoga społeczno-wychowawczego, pedagogika wczesnej edukacji, terapeuty pedagogicznego. Wymagany bardzo dobry kontakt z dziećmi, rozpoznawanie warunków i potrzeb zdrowotnych dzieci w wieku od 20 tyg. do 3 lat, odpowiedzialność, komunikatywność,  kreatywność, cierpliwość umiejętność pracy w zespole, umiejętność reagowania w trudnych sytuacjach, prowadzenia zajęć z grupą dzieci i indywidualnych."
256087,"TECHNIK 13 Wojskowy Oddział Gospodarczy/Centrum Szkolenia Logistyki   Przy wykształceniu średnim wymagane 3 letnie doświadczenie w zawodzie, a przy wyższym- 1 rok, znajomość pakietu MS Office, wymagane szkolenie dla inspektorów bezpieczeństwa teleinformatycznego wydane przez ABW lub SKW, mile widziane poświadczenie bezpieczeństwa-klauzula POUFNE, praca w niejawnych sieciach teleinformatycznych, ochrona informacji niejawnych, umowa o pracę w zastępstwie, praca na I zmianę w Grupie (7-15), wynagrodzenie brutto od 3020 zł/m-c+ 5% premii."
256272,"MALARZ BUDOWLANY (O) Przedsiębiorstwo Budowlane """"IMBUD"""" Jerzy i Jarosław Gajdosz Sp. Jawna   Wymagania: 6 miesięcy doświadczenia na stanowisku, umiejętność przygotowania podłoża, umiejętność szpachlowania i malowania ścian, wykształcenie bez znaczenia. Praca na terenie województwa małopolskiego (wyjazd i powrót w tym samym dniu, pracodawca zapewnia dojazd), na jedną zmianę, w godz.: 7:00-15:00, wynagrodzenie 3 500 zł brutto. Kontakt: Przedsiębiorstwo Budowlane IMBUD Jerzy i Jarosław Gajdosz Spółka Jawna, ul. Okrężna 4, 33-100 Tarnów, kontakt telefoniczny: 14 630 05 07 lub kontakt osobisty w godz.: 7.00-9.00."
3267,"PRACOWNIK BIUROWY PRZEDSIĘBIORSTWO HANDLOWE """"AGRO-TERS"""" EDWARD SOLAK I STANISŁAW SOLAK SPÓŁKA JAWNA   Pracodawca wymaga bardzo dobrej znajomości edytorów tekstu: MS WORD, Openoffice, arkuszy kalkulacyjnych: Ms Excel, Open Office. KONTAKT W SPRAWIE OFERTY PRACY: - osobisty: ul. Rampa Brzeska 3, 22-100 Chełm - można również przesyłać CV drogą e-mailową na adres:  <<EMAIL>>  "
368,POMOC BIUROWA REVOLAIR SPÓŁKA Z OGRANICZONĄ ODPOWIEDZIALNOŚCIĄ SPÓŁKA KOMANDYTOWA   WYMAGANE MIN. 6 M CY DOŚWIADCZENIA
44,PRACOWNIK OBSŁUGI BIUROWEJ kontakt przez PUP   Oferta stażu dla zarejestrowanych osób bezrobotnych.
441395,"POMOC ADMINISTRACYJNA (S) kontakt przez PUP   Staż będzie realizowany w ramach projektu Aktywizacja osób młodych pozostających bez pracy w powiecie tarnowskim i m. Tarnów (VI) Młodzi na start, który jest realizowany w ramach PO WER, Poddziałanie 1.1.1 i współfinansowany przez Unię Europejską ze środków Europejskiego Funduszu Społecznego.    Wymagania: wykształcenie wyższe z zakresu administracji. Praca w Tarnowie w godz. 7.3000 -15.30. Zakres obowiązków: pomoc przy prowadzeniu rejestru wniosków o rejestracje pojazdu, wyrejestrowanie pojazdu, zgłoszenie zmian , wymiana dowodu rejestracyjnego, obsługa klienta pod nadzorem pracownika urzędu, pomoc przy zakładaniu indywidualnych teczek akt pojazdów ich układanie, pomoc w przygotowaniu dowodów rejestracyjnych do wydania , pomoc przy prowadzeniu rejestru wniosków o wydanie uprawnień do kierowania pojazdem, pomoc przy zakładaniu indywidualnych teczek akt kierowców i ich układanie."
441543,"TERAPEUTA ZAJĘCIOWY ŚRODOWISKOWY DOM SAMOPOMOCY """"POD SKRZYDŁAMI""""   Wymagania: ukończone studia wyższe na kierunku: psychologia, pedagogika, praca socjalna, arteterapia, terapia zajęciowa, itp. lub policealne studium terapii zajęciowej, zdolności manualne, komunikatywność, 3-miesięczne doświadczenie zawodowe polegające na realizacji usług dla osób z zaburzeniami psychicznymi (kursy i szkolenia pogłębiające umiejętności pracy z osobami niepełnosprawnymi intelektualnie). Obowiązki: - wspieranie indywidualnie uczestników ŚDS (podejmowanie się roli terapeuty indywidualnego dla ok. 6 uczestników przygotowując we współpracy z uczestnikiem plan postępowania wspierająco- aktywizującego), praca również z całą społecznością ośrodka - projektowanie, organizowanie i prowadzenie (lub współprowadzenie) różnorodnych zajęć grupowych, m.in. treningi umiejętności społecznych, kulinarne, zajęcia ogólnorozwijające, a także rozwijające ekspresję twórczą  - organizowanie dodatkowych warsztatów, projektów, wyjść usamodzielniających i wyjazdów integracyjnych (uczestniczenie w nich) - współpraca z różnymi instytucjami ochrony zdrowia i pomocy społecznej oraz organizacjami pozarządowymi na rzecz integracji osób niepełnosprawnych intelektualnie ze społecznością lokalną - prowadzenie dokumentacji indywidualnej dotyczącej pracy z uczestnikami oraz pracy grupowej. [Zgłoszenia:  <<EMAIL>> ]"
642188,"DOZORCA Zespół Szkół nr 79 im Stanisława Kostki Potockiego   Wymagania: co najmniej 1 miesiąc doświadczenia zawodowego, mile ukończony kurs na kontrolera na przejściach dla pieszych. Obowiązki:  - sprawdzanie drzwi i okien (czy są zamknięte) po opuszczeniu szkoły przez dzieci, pracowników administracji, nauczycieli oraz osób sprzątających, - wpuszczanie na teren szkoły firm, osób oraz młodzieży przychodzącej na zajęcia popołudniowe (osób małoletnich nie wolno wpuszczać bez wychowawców lub opiekunów), - z chwilą zauważenia awarii C O, instalacji wodno  kanalizacyjnej, elektrycznej, alarmowej itp. powiadomienie konserwatora lub kierownika gospodarczego, a w razie potrzeby -  odpowiednich instytucji, - sprzątanie i utrzymywanie w czystości chodników należących do szkoły, - sprzątanie i utrzymywanie w czystości trawników, kwietników, boiska i podwórza szkoły, obejmuje to także koszenie terenów zielonych oraz uprzątnięcie skoszonej trawy/ liści itp., - odśnieżanie chodników i wszystkich przejść prowadzących do zabudowań szkoły oraz stosowanie środków zapobiegających skutkom gołoledzi, - obchód całego obiektu  kilkakrotnie w czasie dyżuru, - wykonywanie w razie potrzeby innych prac zleconych przez dyrektora szkoły lub osobę przez niego upoważnioną - zapewnienie bezpieczeństwa uczniom na przejściu dla pieszych (dodatkowo) *Wynagrodzenie zasadnicze: 2600 zł brutto + premia i wysługa lat. Wynagrodzenie nie mniejsze niż 2800 zł brutto. [Zgłoszenia:  <<EMAIL>> , telefonicznie: 22 277 15 10]"
73922,"DORADCA KLIENTA kontakt przez PUP   dobra dykcja, precyzyjne przekazywanie informacji, znajomość technik perswazji"
74137,"DORADCA KLIENTA BNP PARIBAS BANK POLSKA SPÓŁKA AKCYJNA   Doświadczenie w pracy z klientem, obsługa komputera, dobra organizacja czasu pracy, zorientowanie na wyniki, zdolności interpersonalne, wysoka motywacja do pracy"
115661,"RECEPCJONISTA TWORZYMY ZDROWIE SP. Z O.O.   obsługa komputera,komunikatywność,umiejętność pracy pod presją czasu,wysoka kultura"
147810,"KIEROWCA MIĘDZYNARODOWY kontakt przez PUP   wymagana znajomość języka ukraińskiego i rosyjskiego, ponieważ firma współpracuje ze spedycją ukraińską,  umiejętność wypełniania dokumentów transportowych CMR,   wymagane doświadczenie w przewozie towarów poza granicami kraju."
110203,"OPERATOR DŹWIGU SAMOJEZDNEGO 30-TONOWEGO (NR 1448) PW SIMBUD SPÓŁKA Z OGRANICZONĄ ODPOWIEDZIALNOŚCIĄ   doświadczenie w zawodzie, uprawnienia operatora dźwigu 30 ton wzwyż"
1196359,"PRACOWNIK PRODUKCJI (KRAJACZ METALI) PPUH POM Strzelce Krajeńskie sp. z o.o.   minimum 2 lata doświadczenia na podobnym stanowisku, czytanie rysunku technicznego"
142367,"PRACOWNIK MAGAZYNU kontakt przez OHP   Gotowość do pracy dwuzmianowej (5.45 - 14.00, 15.00 - 23.15). Możliwość pracy tylko na zmianie nocnej 20.30 - 4.45 lub 24.00 - 8.15"
142367,"PRACOWNIK MAGAZYNU kontakt przez OHP   Gotowość do pracy dwuzmianowej (5.45 - 14.00, 15.00 - 23.15). Możliwość pracy tylko na zmianie nocnej 20.30 - 4.45 lub 24.00 - 8.15"
111484,"POMOCNIK HYDRAULIKA JOŃCZYK DARIUSZ MAR-POL   Wykształcenie nie jest istotne, możliwość przyuczenia.."
142527,"PRACE PRZY ROBIENIU KEBABÓW Kebab Tomasz Kromka   wykształcenie średnie, umiejętność krojenia mięsa, robienia kebabów, obsługi kasy fiskalnej; wymagana książeczka sanepidowska, min. 4 miesiące pracy przy krojeniu mięsa"
111782,"ŚLUSARZ-SPAWACZ ENERGO MECHANIK SPÓŁKA Z OGRANICZONĄ ODPOWIEDZIALNOŚCIĄ   uprawnienia z zakresu spawania gazowego, elektrodą, półautomat"
111782,"ŚLUSARZ-SPAWACZ ENERGO MECHANIK SPÓŁKA Z OGRANICZONĄ ODPOWIEDZIALNOŚCIĄ   uprawnienia z zakresu spawania gazowego, elektrodą, półautomat"
255369,"INFORMATYK kontakt przez OHP   Wykształcenie średnie lub wyższe, Doświadczenie w pracy – mile widziane, Umiejętność konfigurowania i zarządzania urządzeniami aktywnymi sieci, Biegła znajomość obsługi i konfiguracji systemów operacyjnych z rodzin MS Windows oraz pakietów biurowych, Znajomość obsługi baz danych, Znajomość prawa w zakresie wymaganym na stanowisku (m.in. ustawa o podpisie elektronicznym, ustawa o ochronie danych osobowych),"
143419,"KIEROWCA CATERINGU FUH MAZUR & MAZUR Janusz Mazur, Piotr Mazur s.c.   Prawo jazdy kat. B, doświadczenie na podobnym stanowisku, znajomość języka angielskiego w stopniu komunikatywnym, dobra organizacja czasu pracy, odpowiedzialność, wysoka kultura osobista."
195811,"NAUCZYCIEL CHEMII - SURDOPEDAGOG Specjalny Ośrodek Szkolno-Wychowawczy Nr 2 dla Niesłyszących i Słaboslyszących   wykształcenie wyższe w zakresie nauczanego przedmiotu z przygotowaniem pedagogicznym lub studia magisterskie na dowolnym kierunku i studia podyplomowe w zakresie nauczanego przedmiotu oraz przygotowanie pedagogiczne, kurs kwalifikacyjny lub studia podyplomowe w zakresie surdopedagogiki"
144574,"KIEROWCA KAT. B PPUH SOREL Sp. z o.o.   wykształcenie średnie, mile widziane doświadczenie zawodowe, prawo jazdy kat. B., zaangażowanie, dbanie o powierzony pojazd, sumienność, chęć do pracy."
144574,"KIEROWCA KAT. B PPUH SOREL Sp. z o.o.   wykształcenie średnie, mile widziane doświadczenie zawodowe, prawo jazdy kat. B., zaangażowanie, dbanie o powierzony pojazd, sumienność, chęć do pracy."
147524,"AUTOMATYK ELEKTRONIK FABRYKA PIERŚCIENI TŁOKOWYCH PRIMA S.A.   - roczna praktyka w zawodzie - programowanie sterowników PLC, CNC - znajomość budowy i funkcjonowania maszyn - uprawnienia elektryczne Gr.1 do 15 k V"
368,POMOC BIUROWA REVOLAIR SPÓŁKA Z OGRANICZONĄ ODPOWIEDZIALNOŚCIĄ SPÓŁKA KOMANDYTOWA   WYMAGANE MIN. 6 M CY DOŚWIADCZENIA
198045,"OPERATOR PILAREK MAZURSKIE MEBLE SZYNAKA INTERLINE SPÓŁKA Z OGRANICZONĄ ODPOWIEDZIALNOŚCIĄ   Wykształcenie: zasadnicze zawodowe (stolarz). Doświadczenie zawodowe: mile widziane na podobnym stanowisku  Oczekiwania dodatkowe: rzetelność,  dyspozycyjność. Dodatkowe informacje: grupowe ubezpieczenie na życie, karnety SPA, bony świąteczne, paczki świąteczne dla dzieci, świadczenia z ZFŚS."
